-- Hilichurl
-- Author: Admin
-- DateCreated: 4/1/2022 6:38:26 PM
--------------------------------------------------------------
INSERT OR IGNORE INTO Types (Type, Kind)
VALUES	('UNIT_HILICHURL_FIGHTER',						'KIND_UNIT'			),
		('UNIT_HILICHURL_GUARD',						'KIND_UNIT'			);


--------------------------------------------------------------
INSERT OR IGNORE INTO UnitAiInfos (UnitType, AiType)
VALUES	('UNIT_HILICHURL_FIGHTER',	'UNITAI_COMBAT'			),
		('UNIT_HILICHURL_FIGHTER',	'UNITAI_EXPLORE'		),
		('UNIT_HILICHURL_FIGHTER',	'UNITTYPE_MELEE'		),
		('UNIT_HILICHURL_FIGHTER',	'UNITTYPE_LAND_COMBAT'	),
		('UNIT_HILICHURL_GUARD',	'UNITAI_COMBAT'			),
		('UNIT_HILICHURL_GUARD',	'UNITAI_EXPLORE'		),
		('UNIT_HILICHURL_GUARD',	'UNITTYPE_MELEE'		),
		('UNIT_HILICHURL_GUARD',	'UNITTYPE_ANTI_CAVALRY'	),
		('UNIT_HILICHURL_GUARD',	'UNITTYPE_LAND_COMBAT'	);

INSERT OR IGNORE INTO UnitReplaces (CivUniqueUnitType, ReplacesUnitType)
VALUES	('UNIT_HILICHURL_FIGHTER',	'UNIT_WARRIOR'	),
		('UNIT_HILICHURL_GUARD',	'UNIT_SPEARMAN'	);

INSERT OR IGNORE INTO TypeTags (Type, Tag)
VALUES	('UNIT_HILICHURL_FIGHTER',	'CLASS_MELEE'		),
		('UNIT_HILICHURL_GUARD',	'CLASS_ANTI_CAVALRY');

INSERT OR IGNORE INTO Units(
	UnitType,
	Name,
	Description,
	Cost,
	Maintenance,
	BaseMoves,
	BaseSightRange,
	ZoneOfControl,
	Domain,
	Combat,
	FormationClass,
	PromotionClass,
	AdvisorType,
	PurchaseYield,
	PrereqTech,
	MandatoryObsoleteTech,
	TraitType
) VALUES (
	'UNIT_HILICHURL_FIGHTER',
	'LOC_UNIT_HILICHURL_FIGHTER_NAME',
	'LOC_UNIT_HILICHURL_FIGHTER_DESCRIPTION',
	40, 0, 2, 2, 1,
	'DOMAIN_LAND',
	20,
	'FORMATION_CLASS_LAND_COMBAT',
	'PROMOTION_CLASS_MELEE',
	'ADVISOR_CONQUEST',
	'YIELD_GOLD',
	NULL,
	'TECH_GUNPOWDER',
	'TRAIT_BARBARIAN_BUT_SHOWS_UP_IN_PEDIA'
),(
	'UNIT_HILICHURL_GUARD',
	'LOC_UNIT_HILICHURL_GUARD_NAME',
	'LOC_UNIT_HILICHURL_GUARD_DESCRIPTION',
	65, 1, 2, 2, 1,
	'DOMAIN_LAND',
	25,
	'FORMATION_CLASS_LAND_COMBAT',
	'PROMOTION_CLASS_ANTI_CAVALRY',
	'ADVISOR_CONQUEST',
	'YIELD_GOLD',
	'TECH_BRONZE_WORKING',
	'TECH_METAL_CASTING',
	'TRAIT_BARBARIAN_BUT_SHOWS_UP_IN_PEDIA'
);

INSERT OR IGNORE INTO UnitUpgrades (Unit, UpgradeUnit)
VALUES	('UNIT_HILICHURL_FIGHTER',	'UNIT_SWORDSMAN'),
		('UNIT_HILICHURL_GUARD',	'UNIT_PIKEMAN'	);