/*"Is the sand there sweet?" "No. Your brother dreamed of sweet sand that day, and it's unnecessary to fix a dream."*/
INSERT OR IGNORE INTO NamedDeserts (NamedDesertType, Name)
VALUES	('NAMED_DESSERT_LIYUE_1',	'LOC_NAMED_DESSERT_LIYUE_1'),
		('NAMED_DESSERT_LIYUE_2',	'LOC_NAMED_DESSERT_LIYUE_2');

INSERT INTO NamedDesertCivilizations (NamedDesertType, CivilizationType)
VALUES	('NAMED_DESSERT_LIYUE_1',	'CIVILIZATION_LIYUE_CL'	),
		('NAMED_DESSERT_LIYUE_2',	'CIVILIZATION_LIYUE_CL'	);

INSERT INTO NamedLakes (NamedLakeType, Name)
VALUES	('NAMED_LAKE_LIYUE_1',		'LOC_NAMED_LAKE_LIYUE_1'),
		('NAMED_LAKE_LIYUE_2',		'LOC_NAMED_LAKE_LIYUE_2'),
		('NAMED_LAKE_LIYUE_3',		'LOC_NAMED_LAKE_LIYUE_3'),
		('NAMED_LAKE_LIYUE_4',		'LOC_NAMED_LAKE_LIYUE_4');

INSERT INTO NamedLakeCivilizations (NamedLakeType, CivilizationType)
VALUES	('NAMED_LAKE_LIYUE_1',		'CIVILIZATION_LIYUE_CL'	),
		('NAMED_LAKE_LIYUE_2',		'CIVILIZATION_LIYUE_CL'	),
		('NAMED_LAKE_LIYUE_3',		'CIVILIZATION_LIYUE_CL'	),
		('NAMED_LAKE_LIYUE_4',		'CIVILIZATION_LIYUE_CL'	);

INSERT OR IGNORE INTO NamedMountains (NamedMountainType, Name)
VALUES	('NAMED_MOUNTAIN_MONDSTADT_1',	'LOC_NAMED_MOUNTAIN_MONDSTADT_1'),
		('NAMED_MOUNTAIN_LIYUE_1',		'LOC_NAMED_MOUNTAIN_LIYUE_1'	),
		('NAMED_MOUNTAIN_LIYUE_2',		'LOC_NAMED_MOUNTAIN_LIYUE_2'	),
		('NAMED_MOUNTAIN_LIYUE_3',		'LOC_NAMED_MOUNTAIN_LIYUE_3'	),
		('NAMED_MOUNTAIN_LIYUE_4',		'LOC_NAMED_MOUNTAIN_LIYUE_4'	),
		('NAMED_MOUNTAIN_LIYUE_5',		'LOC_NAMED_MOUNTAIN_LIYUE_5'	);

INSERT INTO NamedMountainCivilizations (NamedMountainType, CivilizationType)
VALUES	('NAMED_MOUNTAIN_MONDSTADT_1',	'CIVILIZATION_LIYUE_CL'),
		('NAMED_MOUNTAIN_LIYUE_1',		'CIVILIZATION_LIYUE_CL'),
		('NAMED_MOUNTAIN_LIYUE_2',		'CIVILIZATION_LIYUE_CL'),
		('NAMED_MOUNTAIN_LIYUE_3',		'CIVILIZATION_LIYUE_CL'),
		('NAMED_MOUNTAIN_LIYUE_4',		'CIVILIZATION_LIYUE_CL'),
		('NAMED_MOUNTAIN_LIYUE_5',		'CIVILIZATION_LIYUE_CL');

INSERT OR IGNORE INTO NamedRivers (NamedRiverType, Name)
VALUES	('NAMED_RIVER_LIYUE_1',			'LOC_NAMED_RIVER_LIYUE_1'		),
		('NAMED_RIVER_LIYUE_2',			'LOC_NAMED_RIVER_LIYUE_2'		),
		('NAMED_RIVER_LIYUE_3',			'LOC_NAMED_RIVER_LIYUE_3'		),
		('NAMED_RIVER_LIYUE_4',			'LOC_NAMED_RIVER_LIYUE_4'		),
		('NAMED_RIVER_MONDSTADT_1',		'LOC_NAMED_RIVER_MONDSTADT_1'	);

INSERT INTO NamedRiverCivilizations (NamedRiverType, CivilizationType)
VALUES	('NAMED_RIVER_LIYUE_1',			'CIVILIZATION_LIYUE_CL'),
		('NAMED_RIVER_LIYUE_2',			'CIVILIZATION_LIYUE_CL'),
		('NAMED_RIVER_LIYUE_3',			'CIVILIZATION_LIYUE_CL'),
		('NAMED_RIVER_LIYUE_4',			'CIVILIZATION_LIYUE_CL'),
		('NAMED_RIVER_MONDSTADT_1',		'CIVILIZATION_LIYUE_CL');

INSERT INTO NamedSeas (NamedSeaType, Name)
VALUES	('NAMED_SEA_LIYUE_1',	'LOC_NAMED_SEA_LIYUE_1'),
		('NAMED_SEA_LIYUE_2',	'LOC_NAMED_SEA_LIYUE_2'),
		('NAMED_SEA_LIYUE_3',	'LOC_NAMED_SEA_LIYUE_3');

INSERT INTO NamedSeaCivilizations (NamedSeaType, CivilizationType)
VALUES	('NAMED_SEA_LIYUE_1',	'CIVILIZATION_LIYUE_CL'),
		('NAMED_SEA_LIYUE_2',	'CIVILIZATION_LIYUE_CL'),
		('NAMED_SEA_LIYUE_3',	'CIVILIZATION_LIYUE_CL');

INSERT OR IGNORE INTO NamedVolcanoes (NamedVolcanoType, Name)
VALUES	('NAMED_VOLCANO_LIYUE_1',		'LOC_NAMED_VOLCANO_LIYUE_1'		),
		('NAMED_VOLCANO_LIYUE_2',		'LOC_NAMED_VOLCANO_LIYUE_2'		),
		('NAMED_VOLCANO_LIYUE_3',		'LOC_NAMED_VOLCANO_LIYUE_3'		),
		('NAMED_VOLCANO_MONDSTADT_3',	'LOC_NAMED_VOLCANO_MONDSTADT_3'	);

INSERT INTO NamedVolcanoCivilizations (NamedVolcanoType, CivilizationType)
VALUES	('NAMED_VOLCANO_LIYUE_1',		'CIVILIZATION_LIYUE_CL'),
		('NAMED_VOLCANO_LIYUE_2',		'CIVILIZATION_LIYUE_CL'),
		('NAMED_VOLCANO_LIYUE_3',		'CIVILIZATION_LIYUE_CL'),
		('NAMED_VOLCANO_MONDSTADT_3',	'CIVILIZATION_LIYUE_CL');

UPDATE Traits SET Description = 'LOC_TRAIT_CIVILIZATION_HARBOR_OF_STONE_AND_CONTRACTS_DESCRIPTION_XP2' WHERE Description = 'LOC_TRAIT_CIVILIZATION_HARBOR_OF_STONE_AND_CONTRACTS_DESCRIPTION';