INSERT INTO Types (Type, Kind)
VALUES	('CIVILIZATION_LIYUE_CL',						'KIND_CIVILIZATION'	),
		('DISTRICT_LIYUE_HARBOR',						'KIND_DISTRICT'		),
		('TRAIT_CIVILIZATION_JADE_MOON_UPON_CLOUDS',	'KIND_TRAIT'		),
		('TRAIT_CIVILIZATION_UNIT_MILLELITH',			'KIND_TRAIT'		),
		('TRAIT_CIVILIZATION_DISTRICT_LIYUE_HARBOR',	'KIND_TRAIT'		);

INSERT INTO CivilizationTraits (CivilizationType, TraitType)
VALUES	('CIVILIZATION_LIYUE_CL',	'TRAIT_CIVILIZATION_JADE_MOON_UPON_CLOUDS'	),
		('CIVILIZATION_LIYUE_CL',	'TRAIT_CIVILIZATION_UNIT_MILLELITH'			),
		('CIVILIZATION_LIYUE_CL',	'TRAIT_CIVILIZATION_DISTRICT_LIYUE_HARBOR'	),
		('CIVILIZATION_LIYUE_CL',	'TRAIT_GENSHIN_BUILDING_STATUE_OF_THE_SEVEN');

INSERT INTO Traits (TraitType, Name, Description)
VALUES	('TRAIT_CIVILIZATION_JADE_MOON_UPON_CLOUDS',	'LOC_TRAIT_CIVILIZATION_JADE_MOON_UPON_CLOUDS_NAME',	'LOC_TRAIT_CIVILIZATION_JADE_MOON_UPON_CLOUDS_DESCRIPTION'	),
		('TRAIT_CIVILIZATION_UNIT_MILLELITH',			'LOC_UNIT_MILLELITH_NAME',								'LOC_UNIT_MILLELITH_DESCRIPTION'							),
		('TRAIT_CIVILIZATION_DISTRICT_LIYUE_HARBOR',	'LOC_DISTRICT_LIYUE_HARBOR_NAME',						'LOC_DISTRICT_LIYUE_HARBOR_DESCRIPTION'						);

INSERT INTO TraitModifiers (TraitType, ModifierId)
VALUES	('TRAIT_CIVILIZATION_JADE_MOON_UPON_CLOUDS',	'TRAIT_LIYUE_IMPROVEMEMT_BONUS_PRODUCTION'	),
		('TRAIT_CIVILIZATION_JADE_MOON_UPON_CLOUDS',	'TRAIT_LIYUE_IMPROVEMEMT_BONUS_GOLD'		),
		('TRAIT_CIVILIZATION_JADE_MOON_UPON_CLOUDS',	'TRAIT_LIYUE_IMPROVEMEMT_BONUS_CULTURE'		);

--------------------------------------------------------------
INSERT INTO DistrictReplaces (CivUniqueDistrictType, ReplacesDistrictType)
VALUES	('DISTRICT_LIYUE_HARBOR', 'DISTRICT_HARBOR');

INSERT INTO Districts(
	DistrictType,
	Name,
	Description,
	PrereqTech,
	PlunderType,
	PlunderAmount,
	AdvisorType,
	Cost,
	CostProgressionModel,
	CostProgressionParam1,
	RequiresPlacement,
	RequiresPopulation,
	Coast,
	Aqueduct,
	FreeEmbark,
	NoAdjacentCity,
	AdjacentToLand,
	InternalOnly,
	ZOC,
	TradeEmbark,
	CaptureRemovesBuildings,
	CaptureRemovesCityDefenses,
	MilitaryDomain,
	TravelTime,
	CityStrengthModifier,
	TraitType
) SELECT
	'DISTRICT_LIYUE_HARBOR',
	'LOC_DISTRICT_LIYUE_HARBOR_NAME',
	'LOC_DISTRICT_LIYUE_HARBOR_DESCRIPTION',
	PrereqTech, PlunderType, PlunderAmount, AdvisorType, Cost, CostProgressionModel, CostProgressionParam1,
	RequiresPlacement, RequiresPopulation, Coast, Aqueduct, FreeEmbark, NoAdjacentCity, AdjacentToLand, InternalOnly, ZOC,
	TradeEmbark, CaptureRemovesBuildings, CaptureRemovesCityDefenses, MilitaryDomain, TravelTime, CityStrengthModifier,
	'TRAIT_CIVILIZATION_DISTRICT_LIYUE_HARBOR'
FROM Districts
WHERE DistrictType = 'DISTRICT_ROYAL_NAVY_DOCKYARD';

INSERT INTO District_Adjacencies (DistrictType, YieldChangeId)
SELECT	'DISTRICT_LIYUE_HARBOR', YieldChangeId
FROM	District_Adjacencies
WHERE	DistrictType = 'DISTRICT_HARBOR';

INSERT INTO District_GreatPersonPoints (DistrictType, GreatPersonClassType, PointsPerTurn)
VALUES	('DISTRICT_LIYUE_HARBOR',	'GREAT_PERSON_CLASS_ADMIRAL', 2);

INSERT INTO District_TradeRouteYields (DistrictType, YieldType, YieldChangeAsOrigin, YieldChangeAsDomesticDestination, YieldChangeAsInternationalDestination)
VALUES	('DISTRICT_LIYUE_HARBOR',	'YIELD_PRODUCTION',		0, 1, 0),
		('DISTRICT_LIYUE_HARBOR',	'YIELD_GOLD',			0, 0, 3);

INSERT INTO District_CitizenYieldChanges (DistrictType, YieldType, YieldChange)
VALUES	('DISTRICT_LIYUE_HARBOR',	'YIELD_GOLD',	2),
		('DISTRICT_LIYUE_HARBOR',	'YIELD_FOOD',	1);

--------------------------------------------------------------
INSERT INTO Modifiers (ModifierId, ModifierType)
VALUES	('TRAIT_LIYUE_IMPROVEMEMT_BONUS_GOLD', 'MODIFIER_PLAYER_CITIES_ATTACH_MODIFIER');

INSERT INTO Modifiers (ModifierId, ModifierType, SubjectRequirementSetId)
VALUES	('TRAIT_LIYUE_IMPROVEMEMT_BONUS_PRODUCTION',		'MODIFIER_PLAYER_ADJUST_PLOT_YIELD',			'LIYUE_PLOT_HAS_QUARRY_OR_MINE_REQUIREMENTS'	),
		('TRAIT_LIYUE_IMPROVEMEMT_BONUS_GOLD_MODIFIER',		'MODIFIER_CITY_PLOT_YIELDS_ADJUST_PLOT_YIELD',	'LIYUE_HARBOR_HAS_QUARRY_OR_MINE_REQUIREMENTS'	),
		('TRAIT_LIYUE_IMPROVEMEMT_BONUS_CULTURE',			'MODIFIER_PLAYER_ADJUST_PLOT_YIELD',			'LIYUE_RESOURCE_HAS_QUARRY_OR_MINE_REQUIREMENTS');

INSERT INTO ModifierArguments (ModifierId, Name, Value)
VALUES	('TRAIT_LIYUE_IMPROVEMEMT_BONUS_PRODUCTION',		'YieldType',		'YIELD_PRODUCTION'								),
		('TRAIT_LIYUE_IMPROVEMEMT_BONUS_PRODUCTION',		'Amount',			1												),
		('TRAIT_LIYUE_IMPROVEMEMT_BONUS_GOLD_MODIFIER',		'YieldType',		'YIELD_GOLD'									),
		('TRAIT_LIYUE_IMPROVEMEMT_BONUS_GOLD_MODIFIER',		'Amount',			2												),
		('TRAIT_LIYUE_IMPROVEMEMT_BONUS_CULTURE',			'YieldType',		'YIELD_CULTURE'									),
		('TRAIT_LIYUE_IMPROVEMEMT_BONUS_CULTURE',			'Amount',			1												),
		('TRAIT_LIYUE_IMPROVEMEMT_BONUS_GOLD',				'ModifierId',		'TRAIT_LIYUE_IMPROVEMEMT_BONUS_GOLD_MODIFIER'	);

INSERT INTO RequirementSets (RequirementSetId, RequirementSetType)
VALUES	('LIYUE_PLOT_HAS_QUARRY_OR_MINE_REQUIREMENTS',		'REQUIREMENTSET_TEST_ANY'),
		('LIYUE_HARBOR_HAS_QUARRY_OR_MINE_REQUIREMENTS',	'REQUIREMENTSET_TEST_ALL'),
		('LIYUE_RESOURCE_HAS_QUARRY_OR_MINE_REQUIREMENTS',	'REQUIREMENTSET_TEST_ALL');

INSERT INTO RequirementSetRequirements (RequirementSetId, RequirementId)
VALUES	('LIYUE_PLOT_HAS_QUARRY_OR_MINE_REQUIREMENTS',		'REQUIRES_PLOT_HAS_QUARRY'				),
		('LIYUE_PLOT_HAS_QUARRY_OR_MINE_REQUIREMENTS',		'REQUIRES_PLOT_HAS_MINE'				),
		('LIYUE_HARBOR_HAS_QUARRY_OR_MINE_REQUIREMENTS',	'REQUIRES_LIYUE_PLOT_HAS_QUARRY_OR_MINE'),
		('LIYUE_HARBOR_HAS_QUARRY_OR_MINE_REQUIREMENTS',	'REQUIRES_CITY_HAS_LIYUE_HARBOR'		),
		('LIYUE_RESOURCE_HAS_QUARRY_OR_MINE_REQUIREMENTS',	'REQUIRES_LIYUE_PLOT_HAS_QUARRY_OR_MINE'),
		('LIYUE_RESOURCE_HAS_QUARRY_OR_MINE_REQUIREMENTS',	'REQUIRES_PLOT_HAS_VISIBLE_RESOURCE'	);

INSERT INTO Requirements (RequirementId, RequirementType)
VALUES	('REQUIRES_LIYUE_PLOT_HAS_QUARRY_OR_MINE',	'REQUIREMENT_REQUIREMENTSET_IS_MET'	),
		('REQUIRES_CITY_HAS_LIYUE_HARBOR',			'REQUIREMENT_CITY_HAS_DISTRICT'		);

INSERT INTO RequirementArguments (RequirementId, Name, Value)
VALUES	('REQUIRES_LIYUE_PLOT_HAS_QUARRY_OR_MINE',	'RequirementSetId',	'LIYUE_PLOT_HAS_QUARRY_OR_MINE_REQUIREMENTS'),
		('REQUIRES_CITY_HAS_LIYUE_HARBOR',			'DistrictType',		'DISTRICT_LIYUE_HARBOR'						);