-- Modifiers_Ningguang
-- Author: Shiro
-- DateCreated: 11/18/2021 11:03:45 AM
--------------------------------------------------------------
INSERT INTO TraitModifiers (TraitType, ModifierId)
VALUES	('TRAIT_TIANQUAN',	'MOD_2ADJ_COMMERCIAL_HUB'	),
        ('TRAIT_TIANQUAN',	'MOD_4ADJ_COMMERCIAL_HUB'	),
        ('TRAIT_TIANQUAN',	'MOD_6ADJ_COMMERCIAL_HUB'	),
        ('TRAIT_TIANQUAN',	'MOD_8ADJ_COMMERCIAL_HUB'	),
        ('TRAIT_TIANQUAN',	'MOD_10ADJ_COMMERCIAL_HUB'	),
        ('TRAIT_TIANQUAN',	'MOD_2ADJ_HARBOR'	),
        ('TRAIT_TIANQUAN',	'MOD_4ADJ_HARBOR'	),
        ('TRAIT_TIANQUAN',	'MOD_6ADJ_HARBOR'	),
        ('TRAIT_TIANQUAN',	'MOD_8ADJ_HARBOR'	),
        ('TRAIT_TIANQUAN',	'MOD_10ADJ_HARBOR'	),
        ('TRAIT_TIANQUAN',	'MOD_TIANQUAN_REVERSE_TRADE_CITY_CENTER_DF'	),
        ('TRAIT_TIANQUAN',	'MOD_TIANQUAN_REVERSE_TRADE_CITY_CENTER_DP'	),
        ('TRAIT_TIANQUAN',	'MOD_TIANQUAN_REVERSE_TRADE_CITY_CENTER_I'	),
        ('TRAIT_TIANQUAN',	'MOD_TIANQUAN_REVERSE_TRADE_HOLY_SITE_D'	),
        ('TRAIT_TIANQUAN',	'MOD_TIANQUAN_REVERSE_TRADE_HOLY_SITE_I'	),
        ('TRAIT_TIANQUAN',	'MOD_TIANQUAN_REVERSE_TRADE_CAMPUS_D'	),
        ('TRAIT_TIANQUAN',	'MOD_TIANQUAN_REVERSE_TRADE_CAMPUS_I'	),
        ('TRAIT_TIANQUAN',	'MOD_TIANQUAN_REVERSE_TRADE_ENCAMPMENT_D'	),
        ('TRAIT_TIANQUAN',	'MOD_TIANQUAN_REVERSE_TRADE_ENCAMPMENT_I'	),
        ('TRAIT_TIANQUAN',	'MOD_TIANQUAN_REVERSE_TRADE_HARBOR_D'	),
        ('TRAIT_TIANQUAN',	'MOD_TIANQUAN_REVERSE_TRADE_HARBOR_I'	),
        ('TRAIT_TIANQUAN',	'MOD_TIANQUAN_REVERSE_TRADE_COMMERCIAL_HUB_D'	),
        ('TRAIT_TIANQUAN',	'MOD_TIANQUAN_REVERSE_TRADE_COMMERCIAL_HUB_I'	),
        ('TRAIT_TIANQUAN',	'MOD_TIANQUAN_REVERSE_TRADE_ENTERTAINMENT_COMPLEX_D'	),
        ('TRAIT_TIANQUAN',	'MOD_TIANQUAN_REVERSE_TRADE_ENTERTAINMENT_COMPLEX_I'	),
        ('TRAIT_TIANQUAN',	'MOD_TIANQUAN_REVERSE_TRADE_THEATER_D'	),
        ('TRAIT_TIANQUAN',	'MOD_TIANQUAN_REVERSE_TRADE_THEATER_I'	),
        ('TRAIT_TIANQUAN',	'MOD_TIANQUAN_REVERSE_TRADE_INDUSTRIAL_ZONE_D'	),
        ('TRAIT_TIANQUAN',	'MOD_TIANQUAN_REVERSE_TRADE_INDUSTRIAL_ZONE_I'	);

INSERT INTO Modifiers (ModifierId, ModifierType, SubjectRequirementSetId)
VALUES  ('MOD_2ADJ_COMMERCIAL_HUB', 'MODIFIER_PLAYER_CITIES_ADJUST_BUILDING_YIELD_MODIFIERS_FOR_DISTRICT', '2ADJ_COMMERCIAL_HUB'),
		('MOD_4ADJ_COMMERCIAL_HUB', 'MODIFIER_PLAYER_CITIES_ADJUST_BUILDING_YIELD_MODIFIERS_FOR_DISTRICT', '4ADJ_COMMERCIAL_HUB'),
		('MOD_6ADJ_COMMERCIAL_HUB', 'MODIFIER_PLAYER_CITIES_ADJUST_BUILDING_YIELD_MODIFIERS_FOR_DISTRICT', '6ADJ_COMMERCIAL_HUB'),
		('MOD_8ADJ_COMMERCIAL_HUB', 'MODIFIER_PLAYER_CITIES_ADJUST_BUILDING_YIELD_MODIFIERS_FOR_DISTRICT', '8ADJ_COMMERCIAL_HUB'),
		('MOD_10ADJ_COMMERCIAL_HUB', 'MODIFIER_PLAYER_CITIES_ADJUST_BUILDING_YIELD_MODIFIERS_FOR_DISTRICT', '10ADJ_COMMERCIAL_HUB'),
		('MOD_2ADJ_HARBOR', 'MODIFIER_PLAYER_CITIES_ADJUST_BUILDING_YIELD_MODIFIERS_FOR_DISTRICT', '2ADJ_COMMERCIAL_HUB'),
		('MOD_4ADJ_HARBOR', 'MODIFIER_PLAYER_CITIES_ADJUST_BUILDING_YIELD_MODIFIERS_FOR_DISTRICT', '4ADJ_COMMERCIAL_HUB'),
		('MOD_6ADJ_HARBOR', 'MODIFIER_PLAYER_CITIES_ADJUST_BUILDING_YIELD_MODIFIERS_FOR_DISTRICT', '6ADJ_COMMERCIAL_HUB'),
		('MOD_8ADJ_HARBOR', 'MODIFIER_PLAYER_CITIES_ADJUST_BUILDING_YIELD_MODIFIERS_FOR_DISTRICT', '8ADJ_COMMERCIAL_HUB'),
		('MOD_10ADJ_HARBOR', 'MODIFIER_PLAYER_CITIES_ADJUST_BUILDING_YIELD_MODIFIERS_FOR_DISTRICT', '10ADJ_COMMERCIAL_HUB'),
		('MOD_TIANQUAN_REVERSE_TRADE_CITY_CENTER_DF',	'MODIFIER_PLAYER_CITIES_ADJUST_TRADE_ROUTE_YIELD_FROM_OTHERS',	NULL),
		('MOD_TIANQUAN_REVERSE_TRADE_CITY_CENTER_DP',	'MODIFIER_PLAYER_CITIES_ADJUST_TRADE_ROUTE_YIELD_FROM_OTHERS',	NULL),
		('MOD_TIANQUAN_REVERSE_TRADE_CITY_CENTER_I',	'MODIFIER_PLAYER_CITIES_ADJUST_TRADE_ROUTE_YIELD_FROM_OTHERS',	NULL),
		('MOD_TIANQUAN_REVERSE_TRADE_HOLY_SITE_D',	'MODIFIER_PLAYER_CITIES_ADJUST_TRADE_ROUTE_YIELD_FROM_OTHERS',	'CITY_HAS_HOLY_SITE'),
		('MOD_TIANQUAN_REVERSE_TRADE_HOLY_SITE_I',	'MODIFIER_PLAYER_CITIES_ADJUST_TRADE_ROUTE_YIELD_FROM_OTHERS',	'CITY_HAS_HOLY_SITE'),
		('MOD_TIANQUAN_REVERSE_TRADE_CAMPUS_D',	'MODIFIER_PLAYER_CITIES_ADJUST_TRADE_ROUTE_YIELD_FROM_OTHERS',	'CITY_HAS_CAMPUS'),
		('MOD_TIANQUAN_REVERSE_TRADE_CAMPUS_I',	'MODIFIER_PLAYER_CITIES_ADJUST_TRADE_ROUTE_YIELD_FROM_OTHERS',	'CITY_HAS_CAMPUS'),
		('MOD_TIANQUAN_REVERSE_TRADE_ENCAMPMENT_D',	'MODIFIER_PLAYER_CITIES_ADJUST_TRADE_ROUTE_YIELD_FROM_OTHERS',	'CITY_HAS_ENCAMPMENT'),
		('MOD_TIANQUAN_REVERSE_TRADE_ENCAMPMENT_I',	'MODIFIER_PLAYER_CITIES_ADJUST_TRADE_ROUTE_YIELD_FROM_OTHERS',	'CITY_HAS_ENCAMPMENT'),
		('MOD_TIANQUAN_REVERSE_TRADE_HARBOR_D',	'MODIFIER_PLAYER_CITIES_ADJUST_TRADE_ROUTE_YIELD_FROM_OTHERS',	'CITY_HAS_HARBOR'),
		('MOD_TIANQUAN_REVERSE_TRADE_HARBOR_I',	'MODIFIER_PLAYER_CITIES_ADJUST_TRADE_ROUTE_YIELD_FROM_OTHERS',	'CITY_HAS_HARBOR'),
		('MOD_TIANQUAN_REVERSE_TRADE_COMMERCIAL_HUB_D',	'MODIFIER_PLAYER_CITIES_ADJUST_TRADE_ROUTE_YIELD_FROM_OTHERS',	'CITY_HAS_COMMERCIAL_HUB'),
		('MOD_TIANQUAN_REVERSE_TRADE_COMMERCIAL_HUB_I',	'MODIFIER_PLAYER_CITIES_ADJUST_TRADE_ROUTE_YIELD_FROM_OTHERS',	'CITY_HAS_COMMERCIAL_HUB'),
		('MOD_TIANQUAN_REVERSE_TRADE_ENTERTAINMENT_COMPLEX_D',	'MODIFIER_PLAYER_CITIES_ADJUST_TRADE_ROUTE_YIELD_FROM_OTHERS',	'CITY_HAS_ENTERTAINMENT_COMPLEX'),
		('MOD_TIANQUAN_REVERSE_TRADE_ENTERTAINMENT_COMPLEX_I',	'MODIFIER_PLAYER_CITIES_ADJUST_TRADE_ROUTE_YIELD_FROM_OTHERS',	'CITY_HAS_ENTERTAINMENT_COMPLEX'),
		('MOD_TIANQUAN_REVERSE_TRADE_THEATER_D',	'MODIFIER_PLAYER_CITIES_ADJUST_TRADE_ROUTE_YIELD_FROM_OTHERS',	'CITY_HAS_THEATER'),
		('MOD_TIANQUAN_REVERSE_TRADE_THEATER_I',	'MODIFIER_PLAYER_CITIES_ADJUST_TRADE_ROUTE_YIELD_FROM_OTHERS',	'CITY_HAS_THEATER'),
		('MOD_TIANQUAN_REVERSE_TRADE_INDUSTRIAL_ZONE_D',	'MODIFIER_PLAYER_CITIES_ADJUST_TRADE_ROUTE_YIELD_FROM_OTHERS',	'CITY_HAS_INDUSTRIAL_ZONE'),
		('MOD_TIANQUAN_REVERSE_TRADE_INDUSTRIAL_ZONE_I',	'MODIFIER_PLAYER_CITIES_ADJUST_TRADE_ROUTE_YIELD_FROM_OTHERS',	'CITY_HAS_INDUSTRIAL_ZONE');

INSERT INTO ModifierArguments (ModifierId, Name, Value)
VALUES	('MOD_TIANQUAN_REVERSE_TRADE_CITY_CENTER_DF',			'YieldType',		'YIELD_FOOD'		),
		('MOD_TIANQUAN_REVERSE_TRADE_CITY_CENTER_DF',			'Amount',			1					),
		('MOD_TIANQUAN_REVERSE_TRADE_CITY_CENTER_DF',			'Domestic',			1					),
		('MOD_TIANQUAN_REVERSE_TRADE_CITY_CENTER_DP',			'YieldType',		'YIELD_PRODUCTION'	),
		('MOD_TIANQUAN_REVERSE_TRADE_CITY_CENTER_DP',			'Amount',			1					),
		('MOD_TIANQUAN_REVERSE_TRADE_CITY_CENTER_DP',			'Domestic',			1					),
		('MOD_TIANQUAN_REVERSE_TRADE_CITY_CENTER_I',			'YieldType',		'YIELD_GOLD'		),
		('MOD_TIANQUAN_REVERSE_TRADE_CITY_CENTER_I',			'Amount',			3					),
		('MOD_TIANQUAN_REVERSE_TRADE_CITY_CENTER_I',			'Domestic',			0					),
		('MOD_TIANQUAN_REVERSE_TRADE_HOLY_SITE_D',				'YieldType',		'YIELD_FOOD'		),
		('MOD_TIANQUAN_REVERSE_TRADE_HOLY_SITE_D',				'Amount',			1					),
		('MOD_TIANQUAN_REVERSE_TRADE_HOLY_SITE_D',				'Domestic',			1					),
		('MOD_TIANQUAN_REVERSE_TRADE_HOLY_SITE_I',				'YieldType',		'YIELD_FAITH'		),
		('MOD_TIANQUAN_REVERSE_TRADE_HOLY_SITE_I',				'Amount',			1					),
		('MOD_TIANQUAN_REVERSE_TRADE_HOLY_SITE_I',				'Domestic',			0					),
		('MOD_TIANQUAN_REVERSE_TRADE_CAMPUS_D',					'YieldType',		'YIELD_FOOD'		),
		('MOD_TIANQUAN_REVERSE_TRADE_CAMPUS_D',					'Amount',			1					),
		('MOD_TIANQUAN_REVERSE_TRADE_CAMPUS_D',					'Domestic',			1					),
		('MOD_TIANQUAN_REVERSE_TRADE_CAMPUS_I',					'YieldType',		'YIELD_SCIENCE'		),
		('MOD_TIANQUAN_REVERSE_TRADE_CAMPUS_I',					'Amount',			1					),
		('MOD_TIANQUAN_REVERSE_TRADE_CAMPUS_I',					'Domestic',			0					),
		('MOD_TIANQUAN_REVERSE_TRADE_ENCAMPMENT_D',				'YieldType',		'YIELD_PRODUCTION'	),
		('MOD_TIANQUAN_REVERSE_TRADE_ENCAMPMENT_D',				'Amount',			1					),
		('MOD_TIANQUAN_REVERSE_TRADE_ENCAMPMENT_D',				'Domestic',			1					),
		('MOD_TIANQUAN_REVERSE_TRADE_ENCAMPMENT_I',				'YieldType',		'YIELD_PRODUCTION'	),
		('MOD_TIANQUAN_REVERSE_TRADE_ENCAMPMENT_I',				'Amount',			1					),
		('MOD_TIANQUAN_REVERSE_TRADE_ENCAMPMENT_I',				'Domestic',			0					),
		('MOD_TIANQUAN_REVERSE_TRADE_HARBOR_D',					'YieldType',		'YIELD_PRODUCTION'	),
		('MOD_TIANQUAN_REVERSE_TRADE_HARBOR_D',					'Amount',			1					),
		('MOD_TIANQUAN_REVERSE_TRADE_HARBOR_D',					'Domestic',			1					),
		('MOD_TIANQUAN_REVERSE_TRADE_HARBOR_I',					'YieldType',		'YIELD_GOLD'		),
		('MOD_TIANQUAN_REVERSE_TRADE_HARBOR_I',					'Amount',			3					),
		('MOD_TIANQUAN_REVERSE_TRADE_HARBOR_I',					'Domestic',			0					),
		('MOD_TIANQUAN_REVERSE_TRADE_COMMERCIAL_HUB_D',			'YieldType',		'YIELD_PRODUCTION'	),
		('MOD_TIANQUAN_REVERSE_TRADE_COMMERCIAL_HUB_D',			'Amount',			1					),
		('MOD_TIANQUAN_REVERSE_TRADE_COMMERCIAL_HUB_D',			'Domestic',			1					),
		('MOD_TIANQUAN_REVERSE_TRADE_COMMERCIAL_HUB_I',			'YieldType',		'YIELD_GOLD'		),
		('MOD_TIANQUAN_REVERSE_TRADE_COMMERCIAL_HUB_I',			'Amount',			3					),
		('MOD_TIANQUAN_REVERSE_TRADE_COMMERCIAL_HUB_I',			'Domestic',			0					),
		('MOD_TIANQUAN_REVERSE_TRADE_ENTERTAINMENT_COMPLEX_D',	'YieldType',		'YIELD_FOOD'		),
		('MOD_TIANQUAN_REVERSE_TRADE_ENTERTAINMENT_COMPLEX_D',	'Amount',			1					),
		('MOD_TIANQUAN_REVERSE_TRADE_ENTERTAINMENT_COMPLEX_D',	'Domestic',			1					),
		('MOD_TIANQUAN_REVERSE_TRADE_ENTERTAINMENT_COMPLEX_I',	'YieldType',		'YIELD_FOOD'		),
		('MOD_TIANQUAN_REVERSE_TRADE_ENTERTAINMENT_COMPLEX_I',	'Amount',			1					),
		('MOD_TIANQUAN_REVERSE_TRADE_ENTERTAINMENT_COMPLEX_I',	'Domestic',			0					),
		('MOD_TIANQUAN_REVERSE_TRADE_THEATER_D',				'YieldType',		'YIELD_FOOD'		),
		('MOD_TIANQUAN_REVERSE_TRADE_THEATER_D',				'Amount',			1					),
		('MOD_TIANQUAN_REVERSE_TRADE_THEATER_D',				'Domestic',			1					),
		('MOD_TIANQUAN_REVERSE_TRADE_THEATER_I',				'YieldType',		'YIELD_CULTURE'		),
		('MOD_TIANQUAN_REVERSE_TRADE_THEATER_I',				'Amount',			1					),
		('MOD_TIANQUAN_REVERSE_TRADE_THEATER_I',				'Domestic',			0					),
		('MOD_TIANQUAN_REVERSE_TRADE_INDUSTRIAL_ZONE_D',		'YieldType',		'YIELD_PRODUCTION'	),
		('MOD_TIANQUAN_REVERSE_TRADE_INDUSTRIAL_ZONE_D',		'Amount',			1					),
		('MOD_TIANQUAN_REVERSE_TRADE_INDUSTRIAL_ZONE_D',		'Domestic',			1					),
		('MOD_TIANQUAN_REVERSE_TRADE_INDUSTRIAL_ZONE_I',		'YieldType',		'YIELD_PRODUCTION'	),
		('MOD_TIANQUAN_REVERSE_TRADE_INDUSTRIAL_ZONE_I',		'Amount',			1					),
		('MOD_TIANQUAN_REVERSE_TRADE_INDUSTRIAL_ZONE_I',		'Domestic',			0					),
		('MOD_2ADJ_COMMERCIAL_HUB',			'YieldType',		'YIELD_GOLD'				),
		('MOD_2ADJ_COMMERCIAL_HUB',			'Amount',			20							),
		('MOD_2ADJ_COMMERCIAL_HUB',			'DistrictType',		'DISTRICT_COMMERCIAL_HUB'	),
		('MOD_4ADJ_COMMERCIAL_HUB',			'YieldType',		'YIELD_GOLD'				),
		('MOD_4ADJ_COMMERCIAL_HUB',			'Amount',			20							),
		('MOD_4ADJ_COMMERCIAL_HUB',			'DistrictType',		'DISTRICT_COMMERCIAL_HUB'	),
		('MOD_6ADJ_COMMERCIAL_HUB',			'YieldType',		'YIELD_GOLD'				),
		('MOD_6ADJ_COMMERCIAL_HUB',			'Amount',			20							),
		('MOD_6ADJ_COMMERCIAL_HUB',			'DistrictType',		'DISTRICT_COMMERCIAL_HUB'	),
		('MOD_8ADJ_COMMERCIAL_HUB',			'YieldType',		'YIELD_GOLD'				),
		('MOD_8ADJ_COMMERCIAL_HUB',			'Amount',			20							),
		('MOD_8ADJ_COMMERCIAL_HUB',			'DistrictType',		'DISTRICT_COMMERCIAL_HUB'	),
		('MOD_10ADJ_COMMERCIAL_HUB',		'YieldType',		'YIELD_GOLD'				),
		('MOD_10ADJ_COMMERCIAL_HUB',		'Amount',			20							),
		('MOD_10ADJ_COMMERCIAL_HUB',		'DistrictType',		'DISTRICT_COMMERCIAL_HUB'	),
		('MOD_2ADJ_HARBOR',					'YieldType',		'YIELD_GOLD'				),
		('MOD_2ADJ_HARBOR',					'Amount',			20							),
		('MOD_2ADJ_HARBOR',					'DistrictType',		'DISTRICT_HARBOR'			),
		('MOD_4ADJ_HARBOR',					'YieldType',		'YIELD_GOLD'				),
		('MOD_4ADJ_HARBOR',					'Amount',			20							),
		('MOD_4ADJ_HARBOR',					'DistrictType',		'DISTRICT_HARBOR'			),
		('MOD_6ADJ_HARBOR',					'YieldType',		'YIELD_GOLD'				),
		('MOD_6ADJ_HARBOR',					'Amount',			20							),
		('MOD_6ADJ_HARBOR',					'DistrictType',		'DISTRICT_HARBOR'			),
		('MOD_8ADJ_HARBOR',					'YieldType',		'YIELD_GOLD'				),
		('MOD_8ADJ_HARBOR',					'Amount',			20							),
		('MOD_8ADJ_HARBOR',					'DistrictType',		'DISTRICT_HARBOR'			),
		('MOD_10ADJ_HARBOR',				'YieldType',		'YIELD_GOLD'				),
		('MOD_10ADJ_HARBOR',				'Amount',			20							),
		('MOD_10ADJ_HARBOR',				'DistrictType',		'DISTRICT_HARBOR'			);